StockCode,CATEGORY
23438,ACCESSORIES
51008,ACCESSORIES
22375,ACCESSORIES
22374,ACCESSORIES
22376,ACCESSORIES
22371,ACCESSORIES
22372,ACCESSORIES
90125E,ACCESSORIES
90126C,ACCESSORIES
90185A,ACCESSORIES
90129D,ACCESSORIES
90185B,ACCESSORIES
90125B,ACCESSORIES
85224,ACCESSORIES
15036,ACCESSORIES
21641,ACCESSORIES
21647,ACCESSORIES
21643,ACCESSORIES
21648,ACCESSORIES
17174,ACCESSORIES
85014A,ACCESSORIES
85225,ACCESSORIES
90108,ACCESSORIES
62043B,ACCESSORIES
90092,ACCESSORIES
84859B,ACCESSORIES
47344B,ACCESSORIES
17129F,ACCESSORIES
47369B,ACCESSORIES
90128B,ACCESSORIES
84857B,ACCESSORIES
15044B,ACCESSORIES
20854,ACCESSORIES
15058A,ACCESSORIES
22324,ACCESSORIES
20652,ACCESSORIES
20615,ACCESSORIES
20661,ACCESSORIES
20857,ACCESSORIES
84877D,ACCESSORIES
22051,ACCESSORIES
84875D,ACCESSORIES
62097B,ACCESSORIES
17003,ACCESSORIES
90174,ACCESSORIES
22503,ACCESSORIES
22504,ACCESSORIES
85088,ACCESSORIES
21555,ACCESSORIES
21100,ACCESSORIES
22356,ACCESSORIES
23205,ACCESSORIES
20653,ACCESSORIES
20616,ACCESSORIES
20667,ACCESSORIES
22067,ACCESSORIES
90093,ACCESSORIES
90043,ACCESSORIES
22277,ACCESSORIES
21741,ACCESSORIES
21738,ACCESSORIES
21739,ACCESSORIES
84548,ACCESSORIES
84551,ACCESSORIES
84550,ACCESSORIES
84592,ACCESSORIES
84549,ACCESSORIES
90083,ACCESSORIES
90086,ACCESSORIES
90087,ACCESSORIES
90085,ACCESSORIES
90170,ACCESSORIES
90169,ACCESSORIES
84823,ACCESSORIES
84820,ACCESSORIES
20856,ACCESSORIES
21829,ACCESSORIES
20666,ACCESSORIES
20659,ACCESSORIES
15056BL,ACCESSORIES
15056N,ACCESSORIES
15056P,ACCESSORIES
20679,ACCESSORIES
22586,ACCESSORIES
22566,ACCESSORIES
22587,ACCESSORIES
22565,ACCESSORIES
20662,ACCESSORIES
20654,ACCESSORIES
20617,ACCESSORIES
78033,ACCESSORIES
84527,ACCESSORIES
16151A,ACCESSORIES
23280,ACCESSORIES
23282,ACCESSORIES
23281,ACCESSORIES
45013,ACCESSORIES
21707,ACCESSORIES
21709,ACCESSORIES
21708,ACCESSORIES
21710,ACCESSORIES
21706,ACCESSORIES
21711,ACCESSORIES
90116,ACCESSORIES
84873A,ACCESSORIES
16168M,ACCESSORIES
47343A,ACCESSORIES
23073,ACCESSORIES
22821,ACCESSORIES
20828,ACCESSORIES
20861,ACCESSORIES
20860,ACCESSORIES
21336,ACCESSORIES
90202C,ACCESSORIES
90209B,ACCESSORIES
90129C,ACCESSORIES
90128C,ACCESSORIES
84912B,ACCESSORIES
84877B,ACCESSORIES
84875B,ACCESSORIES
90048,ACCESSORIES
20967,ACCESSORIES
22319,ACCESSORIES
22834,ACCESSORIES
22867,ACCESSORIES
22865,ACCESSORIES
23439,ACCESSORIES
22632,ACCESSORIES
22866,ACCESSORIES
22633,ACCESSORIES
DCGS0004,ACCESSORIES
70007,ACCESSORIES
21631,ACCESSORIES
90049,ACCESSORIES
90005A,ACCESSORIES
20992,ACCESSORIES
85099C,ACCESSORIES
21901,ACCESSORIES
21902,ACCESSORIES
21899,ACCESSORIES
21900,ACCESSORIES
23500,ACCESSORIES
23501,ACCESSORIES
21788,ACCESSORIES
21789,ACCESSORIES
23065,ACCESSORIES
84856L,ACCESSORIES
21576,ACCESSORIES
90214A,ACCESSORIES
90214B,ACCESSORIES
90214C,ACCESSORIES
90214D,ACCESSORIES
90214E,ACCESSORIES
90214F,ACCESSORIES
90214G,ACCESSORIES
90214H,ACCESSORIES
90214I,ACCESSORIES
90214J,ACCESSORIES
90214K,ACCESSORIES
90214L,ACCESSORIES
90214M,ACCESSORIES
90214N,ACCESSORIES
90214O,ACCESSORIES
90214P,ACCESSORIES
90214R,ACCESSORIES
90214S,ACCESSORIES
90214T,ACCESSORIES
90214U,ACCESSORIES
90214V,ACCESSORIES
90214W,ACCESSORIES
90214Y,ACCESSORIES
90214Z,ACCESSORIES
23071,ACCESSORIES
23072,ACCESSORIES
90119,ACCESSORIES
21040,ACCESSORIES
84600,ACCESSORIES
22278,ACCESSORIES
21420,ACCESSORIES
23121,ACCESSORIES
22583,ACCESSORIES
90173,ACCESSORIES
90204,ACCESSORIES
90208,ACCESSORIES
22299,ACCESSORIES
90127A,ACCESSORIES
90125A,ACCESSORIES
90126A,ACCESSORIES
20971,ACCESSORIES
84923,ACCESSORIES
84922,ACCESSORIES
20972,ACCESSORIES
90084,ACCESSORIES
90089,ACCESSORIES
90118,ACCESSORIES
84859C,ACCESSORIES
22064,ACCESSORIES
90202D,ACCESSORIES
90209C,ACCESSORIES
20970,ACCESSORIES
90129A,ACCESSORIES
47369A,ACCESSORIES
84707B,ACCESSORIES
90128A,ACCESSORIES
84857C,ACCESSORIES
84709B,ACCESSORIES
84711B,ACCESSORIES
15044A,ACCESSORIES
20681,ACCESSORIES
15058B,ACCESSORIES
22323,ACCESSORIES
62086A,ACCESSORIES
84858C,ACCESSORIES
20867,ACCESSORIES
84912A,ACCESSORIES
84877A,ACCESSORIES
16207A,ACCESSORIES
21867,ACCESSORIES
21865,ACCESSORIES
21933,ACCESSORIES
62096A,ACCESSORIES
22279,ACCESSORIES
22280,ACCESSORIES
21228,ACCESSORIES
21226,ACCESSORIES
21786,ACCESSORIES
20731,ACCESSORIES
90125D,ACCESSORIES
84402B,ACCESSORIES
90202A,ACCESSORIES
90209A,ACCESSORIES
90104,ACCESSORIES
90129E,ACCESSORIES
15044C,ACCESSORIES
62096B,ACCESSORIES
20655,ACCESSORIES
20663,ACCESSORIES
20618,ACCESSORIES
21785,ACCESSORIES
21787,ACCESSORIES
22379,ACCESSORIES
20969,ACCESSORIES
21429,ACCESSORIES
90129F,ACCESSORIES
20669,ACCESSORIES
15044D,ACCESSORIES
16206B,ACCESSORIES
20724,ACCESSORIES
20682,ACCESSORIES
20658,ACCESSORIES
20750,ACCESSORIES
21155,ACCESSORIES
20665,ACCESSORIES
85014B,ACCESSORIES
21157,ACCESSORIES
21051,ACCESSORIES
21000,ACCESSORIES
21002,ACCESSORIES
21001,ACCESSORIES
84754,ACCESSORIES
21890,ACCESSORIES
15039,ACCESSORIES
21577,ACCESSORIES
21932,ACCESSORIES
22929,ACCESSORIES
23240,ACCESSORIES
23237,ACCESSORIES
23238,ACCESSORIES
23239,ACCESSORIES
85208,ACCESSORIES
47503J,ACCESSORIES
47021G,ACCESSORIES
22450,ACCESSORIES
22449,ACCESSORIES
22451,ACCESSORIES
84859A,ACCESSORIES
84707A,ACCESSORIES
84711A,ACCESSORIES
21934,ACCESSORIES
23066,ACCESSORIES
21291,ACCESSORIES
21292,ACCESSORIES
84856S,ACCESSORIES
62018,ACCESSORIES
21937,ACCESSORIES
21232,ACCESSORIES
20723,ACCESSORIES
20684,ACCESSORIES
20717,ACCESSORIES
21935,ACCESSORIES
90115,ACCESSORIES
90114,ACCESSORIES
21633,ACCESSORIES
16258A,ACCESSORIES
16162L,ACCESSORIES
16162M,ACCESSORIES
85095,ACCESSORIES
22902,ACCESSORIES
20664,ACCESSORIES
20657,ACCESSORIES
20619,ACCESSORIES
62094B,ACCESSORIES
90129B,ACCESSORIES
21866,ACCESSORIES
21864,ACCESSORIES
35649,ACCESSORIES
35646,ACCESSORIES
35648,ACCESSORIES
35651,ACCESSORIES
23582,ACCESSORIES
21632,ACCESSORIES
22611,ACCESSORIES
20670,ACCESSORIES
20622,ACCESSORIES
22276,ACCESSORIES
22275,ACCESSORIES
90202B,ACCESSORIES
90102,ACCESSORIES
90046,ACCESSORIES
22076,ARTS AND CRAFTS
22077,ARTS AND CRAFTS
22074,ARTS AND CRAFTS
22439,ARTS AND CRAFTS
22564,ARTS AND CRAFTS
85049F,ARTS AND CRAFTS
72051S,ARTS AND CRAFTS
85177,ARTS AND CRAFTS
85130C,ARTS AND CRAFTS
85131C,ARTS AND CRAFTS
85129C,ARTS AND CRAFTS
85130B,ARTS AND CRAFTS
85131B,ARTS AND CRAFTS
85129B,ARTS AND CRAFTS
85130D,ARTS AND CRAFTS
85131D,ARTS AND CRAFTS
85129D,ARTS AND CRAFTS
85130A,ARTS AND CRAFTS
85131A,ARTS AND CRAFTS
84963B,ARTS AND CRAFTS
85049D,ARTS AND CRAFTS
22228,ARTS AND CRAFTS
22229,ARTS AND CRAFTS
85049G,ARTS AND CRAFTS
22654,ARTS AND CRAFTS
23519,ARTS AND CRAFTS
23515,ARTS AND CRAFTS
23511,ARTS AND CRAFTS
23518,ARTS AND CRAFTS
23517,ARTS AND CRAFTS
23512,ARTS AND CRAFTS
23520,ARTS AND CRAFTS
23514,ARTS AND CRAFTS
23516,ARTS AND CRAFTS
23513,ARTS AND CRAFTS
23128,ARTS AND CRAFTS
22147,ARTS AND CRAFTS
23126,ARTS AND CRAFTS
23127,ARTS AND CRAFTS
82616B,ARTS AND CRAFTS
22651,ARTS AND CRAFTS
22563,ARTS AND CRAFTS
22342,ARTS AND CRAFTS
22341,ARTS AND CRAFTS
85049B,ARTS AND CRAFTS
16015,ARTS AND CRAFTS
82616C,ARTS AND CRAFTS
22492,ARTS AND CRAFTS
21839,ARTS AND CRAFTS
22340,ARTS AND CRAFTS
21462,ARTS AND CRAFTS
22493,ARTS AND CRAFTS
79144B,ARTS AND CRAFTS
21136,ARTS AND CRAFTS
21824,ARTS AND CRAFTS
21454,ARTS AND CRAFTS
75172,ARTS AND CRAFTS
21455,ARTS AND CRAFTS
85185B,ARTS AND CRAFTS
82615,ARTS AND CRAFTS
84963A,ARTS AND CRAFTS
46000U,ARTS AND CRAFTS
46000S,ARTS AND CRAFTS
46000R,ARTS AND CRAFTS
46000M,ARTS AND CRAFTS
20964,ARTS AND CRAFTS
46000P,ARTS AND CRAFTS
23211,ARTS AND CRAFTS
22081,ARTS AND CRAFTS
22736,ARTS AND CRAFTS
22080,ARTS AND CRAFTS
22738,ARTS AND CRAFTS
22735,ARTS AND CRAFTS
85049C,ARTS AND CRAFTS
84744,ARTS AND CRAFTS
85049E,ARTS AND CRAFTS
21917,ARTS AND CRAFTS
21918,ARTS AND CRAFTS
21916,ARTS AND CRAFTS
23499,ARTS AND CRAFTS
23560,ARTS AND CRAFTS
23562,ARTS AND CRAFTS
85016,ARTS AND CRAFTS
20734,ARTS AND CRAFTS
21882,ARTS AND CRAFTS
16014,ARTS AND CRAFTS
16008,ARTS AND CRAFTS
22652,ARTS AND CRAFTS
85049H,ARTS AND CRAFTS
85178,ARTS AND CRAFTS
23494,ARTS AND CRAFTS
23493,ARTS AND CRAFTS
23210,ARTS AND CRAFTS
22210,ARTS AND CRAFTS
22211,ARTS AND CRAFTS
22208,ARTS AND CRAFTS
84898F,ARTS AND CRAFTS
,ARTS AND CRAFTS
20963,BATHROOM
23417,BATHROOM
82011A,BATHROOM
82011C,BATHROOM
82011B,BATHROOM
21774,BATHROOM
21775,BATHROOM
21773,BATHROOM
23077,BATHROOM
84849B,BATHROOM
84847,BATHROOM
22362,BATHROOM
84916,BATHROOM
84915,BATHROOM
17001,BATHROOM
84842,BATHROOM
84849A,BATHROOM
84849D,BATHROOM
23078,BATHROOM
23076,BATHROOM
17028J,BATHROOM
22420,BATHROOM
22421,BATHROOM
22419,BATHROOM
17084J,BATHROOM
21983,BATHROOM
84247E,BATHROOM
22615,BATHROOM
22491,BATHROOM
23380,BATHROOM
23377,BATHROOM
21985,BATHROOM
22616,BATHROOM
23551,BATHROOM
21984,BATHROOM
21986,BATHROOM
23379,BATHROOM
21980,BATHROOM
21967,BATHROOM
22614,BATHROOM
21383,BATHROOM
21982,BATHROOM
22489,BATHROOM
23381,BATHROOM
21981,BATHROOM
22556,BATHROOM
22553,BATHROOM
22551,BATHROOM
22555,BATHROOM
22557,BATHROOM
22554,BATHROOM
17038,BATHROOM
18098C,BATHROOM
35443,BATHROOM
21272,BATHROOM
20966,BATHROOM
21414,BATHROOM
22497,BATHROOM
22863,BATHROOM
21418,BATHROOM
20961,BATHROOM
20960,BATHROOM
22831,BATHROOM
84843,BATHROOM
21120,ELECTRONICS
20954,ELECTRONICS
20780,ELECTRONICS
21064,ELECTRONICS
21065,ELECTRONICS
20782,ELECTRONICS
21833,ELECTRONICS
20781,ELECTRONICS
84086C,ELECTRONICS
84086B,ELECTRONICS
22925,GARDEN
23485,GARDEN
22458,GARDEN
22459,GARDEN
21547,GARDEN
22524,GARDEN
22525,GARDEN
22518,GARDEN
22519,GARDEN
22522,GARDEN
22523,GARDEN
22516,GARDEN
22517,GARDEN
22514,GARDEN
22515,GARDEN
22520,GARDEN
22521,GARDEN
21340,GARDEN
22479,GARDEN
22430,GARDEN
84789,GARDEN
47504K,GARDEN
84674,GARDEN
84675,GARDEN
21745,GARDEN
22528,GARDEN
23300,GARDEN
23301,GARDEN
22246,GARDEN
22927,GARDEN
22693,GARDEN
22442,GARDEN
22443,GARDEN
22444,GARDEN
84227,GARDEN
84228,GARDEN
84226,GARDEN
22920,GARDEN
22921,GARDEN
22919,GARDEN
22918,GARDEN
22917,GARDEN
22916,GARDEN
22245,GARDEN
22926,GARDEN
22784,GARDEN
22868,GARDEN
22869,GARDEN
22870,GARDEN
22871,GARDEN
22872,GARDEN
22873,GARDEN
22874,GARDEN
22875,GARDEN
22876,GARDEN
22877,GARDEN
22878,GARDEN
22879,GARDEN
22880,GARDEN
22881,GARDEN
22882,GARDEN
22883,GARDEN
22884,GARDEN
22885,GARDEN
22886,GARDEN
22887,GARDEN
22888,GARDEN
22889,GARDEN
84795C,GARDEN
21894,GARDEN
21895,GARDEN
21896,GARDEN
21718,GARDEN
84306,GARDEN
23465,GARDEN
23466,GARDEN
23116,GARDEN
23467,GARDEN
22477,GARDEN
22487,GARDEN
22928,GARDEN
23091,GARDEN
82613,HOME DÉCOR
72131,HOME DÉCOR
72130,HOME DÉCOR
72128,HOME DÉCOR
85023B,HOME DÉCOR
85024B,HOME DÉCOR
20840,HOME DÉCOR
20837,HOME DÉCOR
20835,HOME DÉCOR
20838,HOME DÉCOR
23041,HOME DÉCOR
23040,HOME DÉCOR
47586A,HOME DÉCOR
47585A,HOME DÉCOR
79329,HOME DÉCOR
79331,HOME DÉCOR
81952B,HOME DÉCOR
81953B,HOME DÉCOR
84665,HOME DÉCOR
84666,HOME DÉCOR
40001,HOME DÉCOR
40003,HOME DÉCOR
72800B,HOME DÉCOR
23391,HOME DÉCOR
22167,HOME DÉCOR
23079,HOME DÉCOR
23411,HOME DÉCOR
84731,HOME DÉCOR
82486,HOME DÉCOR
85034A,HOME DÉCOR
22158,HOME DÉCOR
22244,HOME DÉCOR
22171,HOME DÉCOR
85034C,HOME DÉCOR
22824,HOME DÉCOR
85034B,HOME DÉCOR
72800D,HOME DÉCOR
72801G,HOME DÉCOR
72800E,HOME DÉCOR
21615,HOME DÉCOR
21617,HOME DÉCOR
21616,HOME DÉCOR
72800C,HOME DÉCOR
72801C,HOME DÉCOR
72801D,HOME DÉCOR
21619,HOME DÉCOR
21618,HOME DÉCOR
22242,HOME DÉCOR
22243,HOME DÉCOR
47481,HOME DÉCOR
85038,HOME DÉCOR
23542,HOME DÉCOR
71496A,HOME DÉCOR
71496B,HOME DÉCOR
85161,HOME DÉCOR
21326,HOME DÉCOR
82567,HOME DÉCOR
22725,HOME DÉCOR
22726,HOME DÉCOR
22730,HOME DÉCOR
22729,HOME DÉCOR
22728,HOME DÉCOR
22727,HOME DÉCOR
23068,HOME DÉCOR
22154,HOME DÉCOR
22337,HOME DÉCOR
22153,HOME DÉCOR
22157,HOME DÉCOR
23527,HOME DÉCOR
84884A,HOME DÉCOR
21012,HOME DÉCOR
21143,HOME DÉCOR
23486,HOME DÉCOR
23085,HOME DÉCOR
84946,HOME DÉCOR
84947,HOME DÉCOR
22800,HOME DÉCOR
82582,HOME DÉCOR
79302M,HOME DÉCOR
84950,HOME DÉCOR
85198,HOME DÉCOR
17084R,HOME DÉCOR
17096,HOME DÉCOR
21644,HOME DÉCOR
75178,HOME DÉCOR
84270,HOME DÉCOR
11001,HOME DÉCOR
22468,HOME DÉCOR
22930,HOME DÉCOR
22931,HOME DÉCOR
22617,HOME DÉCOR
21439,HOME DÉCOR
82580,HOME DÉCOR
21171,HOME DÉCOR
22137,HOME DÉCOR
84688,HOME DÉCOR
84685,HOME DÉCOR
84686,HOME DÉCOR
84687,HOME DÉCOR
23057,HOME DÉCOR
23214,HOME DÉCOR
23103,HOME DÉCOR
23395,HOME DÉCOR
72140E,HOME DÉCOR
21165,HOME DÉCOR
23535,HOME DÉCOR
22322,HOME DÉCOR
22321,HOME DÉCOR
84387A,HOME DÉCOR
22252,HOME DÉCOR
22251,HOME DÉCOR
22478,HOME DÉCOR
22320,HOME DÉCOR
85168B,HOME DÉCOR
85163B,HOME DÉCOR
85116,HOME DÉCOR
79323B,HOME DÉCOR
22194,HOME DÉCOR
85167B,HOME DÉCOR
85169B,HOME DÉCOR
84952B,HOME DÉCOR
21137,HOME DÉCOR
84661B,HOME DÉCOR
84660b,HOME DÉCOR
22481,HOME DÉCOR
21117,HOME DÉCOR
20794,HOME DÉCOR
47351B,HOME DÉCOR
21441,HOME DÉCOR
85071A,HOME DÉCOR
46138B,HOME DÉCOR
84507C,HOME DÉCOR
84508C,HOME DÉCOR
84805B,HOME DÉCOR
22914,HOME DÉCOR
84919,HOME DÉCOR
84804B,HOME DÉCOR
22192,HOME DÉCOR
22805,HOME DÉCOR
35916B,HOME DÉCOR
84415B,HOME DÉCOR
79337,HOME DÉCOR
84620,HOME DÉCOR
84876D,HOME DÉCOR
85124B,HOME DÉCOR
78034B,HOME DÉCOR
84625C,HOME DÉCOR
84613C,HOME DÉCOR
40005B,HOME DÉCOR
22092,HOME DÉCOR
20931,HOME DÉCOR
23317,HOME DÉCOR
20866,HOME DÉCOR
17136A,HOME DÉCOR
21669,HOME DÉCOR
22482,HOME DÉCOR
35095A,HOME DÉCOR
44092B,HOME DÉCOR
84881,HOME DÉCOR
21927,HOME DÉCOR
37491B,HOME DÉCOR
22098,HOME DÉCOR
20886,HOME DÉCOR
DCGS0003,HOME DÉCOR
22788,HOME DÉCOR
22832,HOME DÉCOR
21407,HOME DÉCOR
23525,HOME DÉCOR
22247,HOME DÉCOR
23396,HOME DÉCOR
22653,HOME DÉCOR
85175,HOME DÉCOR
21943,HOME DÉCOR
22905,HOME DÉCOR
22904,HOME DÉCOR
84508A,HOME DÉCOR
23037,HOME DÉCOR
22804,HOME DÉCOR
35923,HOME DÉCOR
85087,HOME DÉCOR
85086A,HOME DÉCOR
44228,HOME DÉCOR
23244,HOME DÉCOR
21310,HOME DÉCOR
22099,HOME DÉCOR
47594A,HOME DÉCOR
23521,HOME DÉCOR
71495A,HOME DÉCOR
71495B,HOME DÉCOR
23416,HOME DÉCOR
85071D,HOME DÉCOR
85071C,HOME DÉCOR
23205,HOME DÉCOR
23204,HOME DÉCOR
22661,HOME DÉCOR
22355,HOME DÉCOR
84723,HOME DÉCOR
84706D,HOME DÉCOR
23224,HOME DÉCOR
23225,HOME DÉCOR
22761,HOME DÉCOR
22823,HOME DÉCOR
22797,HOME DÉCOR
22898,HOME DÉCOR
22367,HOME DÉCOR
79321,HOME DÉCOR
85036b,HOME DÉCOR
85035B,HOME DÉCOR
21908,HOME DÉCOR
21351,HOME DÉCOR
85231B,HOME DÉCOR
85230B,HOME DÉCOR
21713,HOME DÉCOR
21714,HOME DÉCOR
84741C,HOME DÉCOR
21793,HOME DÉCOR
21792,HOME DÉCOR
21794,HOME DÉCOR
21333,HOME DÉCOR
84683,HOME DÉCOR
84678,HOME DÉCOR
84679,HOME DÉCOR
22771,HOME DÉCOR
84952A,HOME DÉCOR
21417,HOME DÉCOR
72122,HOME DÉCOR
84755,HOME DÉCOR
71477,HOME DÉCOR
72134,HOME DÉCOR
72127,HOME DÉCOR
72132,HOME DÉCOR
21166,HOME DÉCOR
22990,HOME DÉCOR
21410,HOME DÉCOR
20707,HOME DÉCOR
84805A,HOME DÉCOR
84804A,HOME DÉCOR
85123A,HOME DÉCOR
85064,HOME DÉCOR
85066,HOME DÉCOR
85067,HOME DÉCOR
22822,HOME DÉCOR
84593,HOME DÉCOR
23056,HOME DÉCOR
90003D,HOME DÉCOR
72819,HOME DÉCOR
72821,HOME DÉCOR
23410,HOME DÉCOR
22786,HOME DÉCOR
85106,HOME DÉCOR
85107,HOME DÉCOR
84732B,HOME DÉCOR
84732D,HOME DÉCOR
21204,HOME DÉCOR
35972,HOME DÉCOR
84816,HOME DÉCOR
84818,HOME DÉCOR
84819,HOME DÉCOR
84824,HOME DÉCOR
21015,HOME DÉCOR
22287,HOME DÉCOR
22286,HOME DÉCOR
22250,HOME DÉCOR
22248,HOME DÉCOR
22285,HOME DÉCOR
22268,HOME DÉCOR
22249,HOME DÉCOR
84632,HOME DÉCOR
22825,HOME DÉCOR
23329,HOME DÉCOR
23330,HOME DÉCOR
23331,HOME DÉCOR
22165,HOME DÉCOR
21163,HOME DÉCOR
23522,HOME DÉCOR
23526,HOME DÉCOR
21248,HOME DÉCOR
23035,HOME DÉCOR
23028,HOME DÉCOR
23029,HOME DÉCOR
23032,HOME DÉCOR
23031,HOME DÉCOR
48111,HOME DÉCOR
22366,HOME DÉCOR
48173C,HOME DÉCOR
48184,HOME DÉCOR
48185,HOME DÉCOR
21523,HOME DÉCOR
48189,HOME DÉCOR
48194,HOME DÉCOR
22690,HOME DÉCOR
22660,HOME DÉCOR
23284,HOME DÉCOR
48116,HOME DÉCOR
22414,HOME DÉCOR
48187,HOME DÉCOR
22688,HOME DÉCOR
20685,HOME DÉCOR
22365,HOME DÉCOR
21524,HOME DÉCOR
48129,HOME DÉCOR
48138,HOME DÉCOR
21955,HOME DÉCOR
23283,HOME DÉCOR
48188,HOME DÉCOR
22691,HOME DÉCOR
22692,HOME DÉCOR
22513,HOME DÉCOR
22512,HOME DÉCOR
22508,HOME DÉCOR
23075,HOME DÉCOR
22336,HOME DÉCOR
17084P,HOME DÉCOR
23034,HOME DÉCOR
23033,HOME DÉCOR
23025,HOME DÉCOR
23027,HOME DÉCOR
23026,HOME DÉCOR
85169C,HOME DÉCOR
85025B,HOME DÉCOR
85026B,HOME DÉCOR
23070,HOME DÉCOR
23069,HOME DÉCOR
46126A,HOME DÉCOR
22460,HOME DÉCOR
23074,HOME DÉCOR
22053,HOME DÉCOR
22091,HOME DÉCOR
84792,HOME DÉCOR
47574A,HOME DÉCOR
47574B,HOME DÉCOR
47578A,HOME DÉCOR
47504H,HOME DÉCOR
21009,HOME DÉCOR
37495,HOME DÉCOR
15060B,HOME DÉCOR
17084N,HOME DÉCOR
22466,HOME DÉCOR
22169,HOME DÉCOR
22768,HOME DÉCOR
15030,HOME DÉCOR
82599,HOME DÉCOR
22569,HOME DÉCOR
22568,HOME DÉCOR
22570,HOME DÉCOR
72232,HOME DÉCOR
23228,HOME DÉCOR
23227,HOME DÉCOR
23226,HOME DÉCOR
21390,HOME DÉCOR
22855,HOME DÉCOR
22317,HOME DÉCOR
22318,HOME DÉCOR
84033,HOME DÉCOR
84016,HOME DÉCOR
21630,HOME DÉCOR
84358,HOME DÉCOR
81950B,HOME DÉCOR
17107D,HOME DÉCOR
17109D,HOME DÉCOR
81950V,HOME DÉCOR
84927E,HOME DÉCOR
22792,HOME DÉCOR
35968,HOME DÉCOR
35967,HOME DÉCOR
84748,HOME DÉCOR
35964,HOME DÉCOR
35965,HOME DÉCOR
23397,HOME DÉCOR
20936,HOME DÉCOR
22212,HOME DÉCOR
84725,HOME DÉCOR
22672,HOME DÉCOR
22685,HOME DÉCOR
22676,HOME DÉCOR
22677,HOME DÉCOR
22678,HOME DÉCOR
22679,HOME DÉCOR
22680,HOME DÉCOR
22681,HOME DÉCOR
22682,HOME DÉCOR
22683,HOME DÉCOR
22684,HOME DÉCOR
22686,HOME DÉCOR
23099,HOME DÉCOR
85053,HOME DÉCOR
22673,HOME DÉCOR
22675,HOME DÉCOR
22671,HOME DÉCOR
21391,HOME DÉCOR
20836,HOME DÉCOR
20839,HOME DÉCOR
21277,HOME DÉCOR
22674,HOME DÉCOR
22670,HOME DÉCOR
20941,HOME DÉCOR
84631,HOME DÉCOR
46118,HOME DÉCOR
20785,HOME DÉCOR
47341A,HOME DÉCOR
47348A,HOME DÉCOR
21911,HOME DÉCOR
85036A,HOME DÉCOR
85035A,HOME DÉCOR
21175,HOME DÉCOR
22510,HOME DÉCOR
21411,HOME DÉCOR
22595,HOME DÉCOR
21836,HOME DÉCOR
23014,HOME DÉCOR
23012,HOME DÉCOR
23013,HOME DÉCOR
22777,HOME DÉCOR
22778,HOME DÉCOR
21313,HOME DÉCOR
21317,HOME DÉCOR
21730,HOME DÉCOR
20829,HOME DÉCOR
21818,HOME DÉCOR
21820,HOME DÉCOR
21011,HOME DÉCOR
20869,HOME DÉCOR
20816,HOME DÉCOR
20831,HOME DÉCOR
21736,HOME DÉCOR
20821,HOME DÉCOR
72741,HOME DÉCOR
84663A,HOME DÉCOR
21442,HOME DÉCOR
85179A,HOME DÉCOR
20700,HOME DÉCOR
22773,HOME DÉCOR
84876B,HOME DÉCOR
85124C,HOME DÉCOR
90003E,HOME DÉCOR
84984A,HOME DÉCOR
46115B,HOME DÉCOR
84882,HOME DÉCOR
37491C,HOME DÉCOR
22467,HOME DÉCOR
22781,HOME DÉCOR
22719,HOME DÉCOR
22833,HOME DÉCOR
35001W,HOME DÉCOR
35001G,HOME DÉCOR
85152,HOME DÉCOR
23483,HOME DÉCOR
20894,HOME DÉCOR
20893,HOME DÉCOR
22292,HOME DÉCOR
22291,HOME DÉCOR
22293,HOME DÉCOR
23067,HOME DÉCOR
35924,HOME DÉCOR
21651,HOME DÉCOR
85195,HOME DÉCOR
23398,HOME DÉCOR
84978,HOME DÉCOR
22227,HOME DÉCOR
21811,HOME DÉCOR
84970S,HOME DÉCOR
71459,HOME DÉCOR
21324,HOME DÉCOR
22289,HOME DÉCOR
22464,HOME DÉCOR
22288,HOME DÉCOR
22465,HOME DÉCOR
23433,HOME DÉCOR
21655,HOME DÉCOR
85203,HOME DÉCOR
85204,HOME DÉCOR
85202,HOME DÉCOR
23060,HOME DÉCOR
82095,HOME DÉCOR
22335,HOME DÉCOR
22161,HOME DÉCOR
22156,HOME DÉCOR
22294,HOME DÉCOR
22295,HOME DÉCOR
22162,HOME DÉCOR
22296,HOME DÉCOR
22297,HOME DÉCOR
23452,HOME DÉCOR
23412,HOME DÉCOR
22470,HOME DÉCOR
22469,HOME DÉCOR
79160,HOME DÉCOR
23129,HOME DÉCOR
84975,HOME DÉCOR
22163,HOME DÉCOR
85118,HOME DÉCOR
21814,HOME DÉCOR
23273,HOME DÉCOR
23484,HOME DÉCOR
23212,HOME DÉCOR
10123C,HOME DÉCOR
22284,HOME DÉCOR
21363,HOME DÉCOR
23402,HOME DÉCOR
23405,HOME DÉCOR
23404,HOME DÉCOR
23393,HOME DÉCOR
23399,HOME DÉCOR
23415,HOME DÉCOR
23406,HOME DÉCOR
21164,HOME DÉCOR
22969,HOME DÉCOR
23524,HOME DÉCOR
82583,HOME DÉCOR
21904,HOME DÉCOR
85172,HOME DÉCOR
23537,HOME DÉCOR
21907,HOME DÉCOR
15058C,HOME DÉCOR
47518f,HOME DÉCOR
23104,HOME DÉCOR
23055,HOME DÉCOR
22191,HOME DÉCOR
85114B,HOME DÉCOR
21389,HOME DÉCOR
21385,HOME DÉCOR
85169A,HOME DÉCOR
72799F,HOME DÉCOR
72799E,HOME DÉCOR
23315,HOME DÉCOR
72709,HOME DÉCOR
35637A,HOME DÉCOR
23150,HOME DÉCOR
23152,HOME DÉCOR
23332,HOME DÉCOR
23333,HOME DÉCOR
23334,HOME DÉCOR
23136,HOME DÉCOR
21349,HOME DÉCOR
85230F,HOME DÉCOR
23215,HOME DÉCOR
21147,HOME DÉCOR
21360,HOME DÉCOR
22118,HOME DÉCOR
23543,HOME DÉCOR
21586,HOME DÉCOR
82578,HOME DÉCOR
21944,HOME DÉCOR
23302,HOME DÉCOR
84925D,HOME DÉCOR
85150,HOME DÉCOR
22135,HOME DÉCOR
22134,HOME DÉCOR
22095,HOME DÉCOR
21472,HOME DÉCOR
23557,HOME DÉCOR
23553,HOME DÉCOR
23556,HOME DÉCOR
23558,HOME DÉCOR
23555,HOME DÉCOR
23554,HOME DÉCOR
23092,HOME DÉCOR
23024,HOME DÉCOR
22060,HOME DÉCOR
84971l,HOME DÉCOR
22195,HOME DÉCOR
23133,HOME DÉCOR
23457,HOME DÉCOR
85126,HOME DÉCOR
23322,HOME DÉCOR
84800L,HOME DÉCOR
72812,HOME DÉCOR
23134,HOME DÉCOR
82551,HOME DÉCOR
23216,HOME DÉCOR
23217,HOME DÉCOR
23218,HOME DÉCOR
23219,HOME DÉCOR
17090A,HOME DÉCOR
17091A,HOME DÉCOR
72225C,HOME DÉCOR
21114,HOME DÉCOR
23109,HOME DÉCOR
23403,HOME DÉCOR
47016,HOME DÉCOR
22780,HOME DÉCOR
79336,HOME DÉCOR
21757,HOME DÉCOR
44242A,HOME DÉCOR
44089C,HOME DÉCOR
72024U,HOME DÉCOR
21579,HOME DÉCOR
22862,HOME DÉCOR
70006,HOME DÉCOR
22136,HOME DÉCOR
22066,HOME DÉCOR
22826,HOME DÉCOR
22219,HOME DÉCOR
23207,HOME DÉCOR
23206,HOME DÉCOR
22662,HOME DÉCOR
22382,HOME DÉCOR
22383,HOME DÉCOR
23208,HOME DÉCOR
44265,HOME DÉCOR
78124,HOME DÉCOR
21903,HOME DÉCOR
23456,HOME DÉCOR
84800M,HOME DÉCOR
22505,HOME DÉCOR
22507,HOME DÉCOR
71215,HOME DÉCOR
22948,HOME DÉCOR
23426,HOME DÉCOR
22115,HOME DÉCOR
22117,HOME DÉCOR
22116,HOME DÉCOR
22412,HOME DÉCOR
22413,HOME DÉCOR
90003C,HOME DÉCOR
85213,HOME DÉCOR
22893,HOME DÉCOR
10125,HOME DÉCOR
85212,HOME DÉCOR
23342,HOME DÉCOR
84952C,HOME DÉCOR
22105,HOME DÉCOR
22106,HOME DÉCOR
22102,HOME DÉCOR
22103,HOME DÉCOR
22101,HOME DÉCOR
21293,HOME DÉCOR
21370,HOME DÉCOR
21367,HOME DÉCOR
21368,HOME DÉCOR
21366,HOME DÉCOR
21371,HOME DÉCOR
21374,HOME DÉCOR
21373,HOME DÉCOR
21369,HOME DÉCOR
21365,HOME DÉCOR
21372,HOME DÉCOR
22325,HOME DÉCOR
22409,HOME DÉCOR
22408,HOME DÉCOR
22407,HOME DÉCOR
22410,HOME DÉCOR
22406,HOME DÉCOR
22405,HOME DÉCOR
21905,HOME DÉCOR
21344,HOME DÉCOR
21331,HOME DÉCOR
21332,HOME DÉCOR
22093,HOME DÉCOR
84945,HOME DÉCOR
22597,HOME DÉCOR
82600,HOME DÉCOR
17021,HOME DÉCOR
23431,HOME DÉCOR
22456,HOME DÉCOR
22457,HOME DÉCOR
22488,HOME DÉCOR
84617,HOME DÉCOR
21179,HOME DÉCOR
72802B,HOME DÉCOR
72803b,HOME DÉCOR
82605,HOME DÉCOR
21770,HOME DÉCOR
85230A,HOME DÉCOR
20871,HOME DÉCOR
85231G,HOME DÉCOR
84313C,HOME DÉCOR
85230G,HOME DÉCOR
22168,HOME DÉCOR
84984D,HOME DÉCOR
17012B,HOME DÉCOR
17012C,HOME DÉCOR
17012E,HOME DÉCOR
17013D,HOME DÉCOR
17012D,HOME DÉCOR
17012F,HOME DÉCOR
17011F,HOME DÉCOR
17014A,HOME DÉCOR
17012A,HOME DÉCOR
23453,HOME DÉCOR
22897,HOME DÉCOR
21116,HOME DÉCOR
84569D,HOME DÉCOR
79144C,HOME DÉCOR
21823,HOME DÉCOR
47367B,HOME DÉCOR
23112,HOME DÉCOR
23118,HOME DÉCOR
23110,HOME DÉCOR
23111,HOME DÉCOR
21172,HOME DÉCOR
21946,HOME DÉCOR
21208,HOME DÉCOR
21364,HOME DÉCOR
22119,HOME DÉCOR
90041,HOME DÉCOR
85062,HOME DÉCOR
23482,HOME DÉCOR
23481,HOME DÉCOR
22896,HOME DÉCOR
21413,HOME DÉCOR
23096,HOME DÉCOR
22796,HOME DÉCOR
22766,HOME DÉCOR
23409,HOME DÉCOR
23408,HOME DÉCOR
22170,HOME DÉCOR
22447,HOME DÉCOR
22446,HOME DÉCOR
22448,HOME DÉCOR
21199,HOME DÉCOR
21564,HOME DÉCOR
84803A,HOME DÉCOR
35638A,HOME DÉCOR
84614A,HOME DÉCOR
85179C,HOME DÉCOR
85109,HOME DÉCOR
84906,HOME DÉCOR
84905,HOME DÉCOR
84806A,HOME DÉCOR
20701,HOME DÉCOR
84809B,HOME DÉCOR
23341,HOME DÉCOR
22772,HOME DÉCOR
44242B,HOME DÉCOR
35916C,HOME DÉCOR
84705C,HOME DÉCOR
84415A,HOME DÉCOR
84798A,HOME DÉCOR
44089A,HOME DÉCOR
71279,HOME DÉCOR
21486,HOME DÉCOR
16207B,HOME DÉCOR
85025C,HOME DÉCOR
85180B,HOME DÉCOR
84801A,HOME DÉCOR
84712B,HOME DÉCOR
84708B,HOME DÉCOR
85169D,HOME DÉCOR
84459A,HOME DÉCOR
84613A,HOME DÉCOR
84625A,HOME DÉCOR
84910A,HOME DÉCOR
22096,HOME DÉCOR
72799C,HOME DÉCOR
21144,HOME DÉCOR
20932,HOME DÉCOR
85024C,HOME DÉCOR
21348,HOME DÉCOR
84661C,HOME DÉCOR
84660C,HOME DÉCOR
35637C,HOME DÉCOR
18097A,HOME DÉCOR
84907,HOME DÉCOR
84422,HOME DÉCOR
35638B,HOME DÉCOR
44236,HOME DÉCOR
71403,HOME DÉCOR
22486,HOME DÉCOR
21181,HOME DÉCOR
84356,HOME DÉCOR
16043,HOME DÉCOR
21421,HOME DÉCOR
21422,HOME DÉCOR
20956,HOME DÉCOR
23394,HOME DÉCOR
21174,HOME DÉCOR
21897,HOME DÉCOR
21898,HOME DÉCOR
23432,HOME DÉCOR
84924F,HOME DÉCOR
84927F,HOME DÉCOR
84925F,HOME DÉCOR
84802B,HOME DÉCOR
22775,HOME DÉCOR
84798B,HOME DÉCOR
37491D,HOME DÉCOR
21580,HOME DÉCOR
23084,HOME DÉCOR
84976,HOME DÉCOR
23051,HOME DÉCOR
23050,HOME DÉCOR
23054,HOME DÉCOR
23053,HOME DÉCOR
23049,HOME DÉCOR
23052,HOME DÉCOR
85071B,HOME DÉCOR
22913,HOME DÉCOR
22193,HOME DÉCOR
22774,HOME DÉCOR
85114C,HOME DÉCOR
20832,HOME DÉCOR
21733,HOME DÉCOR
21563,HOME DÉCOR
85180A,HOME DÉCOR
84984B,HOME DÉCOR
84706F,HOME DÉCOR
23316,HOME DÉCOR
84773,HOME DÉCOR
21671,HOME DÉCOR
21668,HOME DÉCOR
22480,HOME DÉCOR
21731,HOME DÉCOR
35095B,HOME DÉCOR
84029E,HOME DÉCOR
21926,HOME DÉCOR
23220,HOME DÉCOR
23221,HOME DÉCOR
21359,HOME DÉCOR
37333,HOME DÉCOR
84597B,HOME DÉCOR
47563A,HOME DÉCOR
79066K,HOME DÉCOR
79063D,HOME DÉCOR
79063C,HOME DÉCOR
84597C,HOME DÉCOR
79191C,HOME DÉCOR
79062D,HOME DÉCOR
22511,HOME DÉCOR
21286,HOME DÉCOR
21285,HOME DÉCOR
21284,HOME DÉCOR
21592,HOME DÉCOR
21588,HOME DÉCOR
22180,HOME DÉCOR
22354,HOME DÉCOR
21584,HOME DÉCOR
22602,HOME DÉCOR
22079,HOME DÉCOR
22078,HOME DÉCOR
22082,HOME DÉCOR
23023,HOME DÉCOR
21656,HOME DÉCOR
21666,HOME DÉCOR
23462,HOME DÉCOR
85036C,HOME DÉCOR
85035C,HOME DÉCOR
90003B,HOME DÉCOR
21003,HOME DÉCOR
20997,HOME DÉCOR
17191A,HOME DÉCOR
35971,HOME DÉCOR
72802A,HOME DÉCOR
72803A,HOME DÉCOR
21494,HOME DÉCOR
84347,HOME DÉCOR
81953P,HOME DÉCOR
20935,HOME DÉCOR
85020,HOME DÉCOR
81952V,HOME DÉCOR
22827,HOME DÉCOR
23401,HOME DÉCOR
22764,HOME DÉCOR
21613,HOME DÉCOR
84689,HOME DÉCOR
84974,HOME DÉCOR
17007B,HOME DÉCOR
85115B,HOME DÉCOR
85174,HOME DÉCOR
22461,HOME DÉCOR
85078,HOME DÉCOR
84846A,HOME DÉCOR
21287,HOME DÉCOR
47594B,HOME DÉCOR
22179,HOME DÉCOR
21609,HOME DÉCOR
22989,HOME DÉCOR
22851,HOME DÉCOR
85006,HOME DÉCOR
23297,HOME DÉCOR
21125,HOME DÉCOR
22752,HOME DÉCOR
23360,HOME DÉCOR
23048,HOME DÉCOR
23189,HOME DÉCOR
21614,HOME DÉCOR
23359,HOME DÉCOR
23270,HOME DÉCOR
85232B,HOME DÉCOR
22720,HOME DÉCOR
85008,HOME DÉCOR
23275,HOME DÉCOR
84378,HOME DÉCOR
23454,HOME DÉCOR
35004P,HOME DÉCOR
23263,HOME DÉCOR
23264,HOME DÉCOR
23266,HOME DÉCOR
23265,HOME DÉCOR
21972,HOME DÉCOR
23306,HOME DÉCOR
22416,HOME DÉCOR
22949,HOME DÉCOR
21973,HOME DÉCOR
21974,HOME DÉCOR
84987,HOME DÉCOR
21620,HOME DÉCOR
21126,HOME DÉCOR
72586,HOME DÉCOR
21947,HOME DÉCOR
84944,HOME DÉCOR
22722,HOME DÉCOR
22811,HOME DÉCOR
22809,HOME DÉCOR
22810,HOME DÉCOR
22807,HOME DÉCOR
22806,HOME DÉCOR
23307,HOME DÉCOR
21124,HOME DÉCOR
21123,HOME DÉCOR
21122,HOME DÉCOR
21121,HOME DÉCOR
72598,HOME DÉCOR
72807B,HOME DÉCOR
20934,HOME DÉCOR
21430,HOME DÉCOR
72807A,HOME DÉCOR
20892,HOME DÉCOR
72807C,HOME DÉCOR
72798C,HOME DÉCOR
21382,HOME DÉCOR
85170B,HOME DÉCOR
85170C,HOME DÉCOR
85173,HOME DÉCOR
85170A,HOME DÉCOR
72351B,HOME DÉCOR
85170D,HOME DÉCOR
72349b,HOME DÉCOR
72351A,HOME DÉCOR
22509,HOME DÉCOR
23400,HOME DÉCOR
21784,HOME DÉCOR
21690,HOME DÉCOR
23100,HOME DÉCOR
20868,HOME DÉCOR
85104,HOME DÉCOR
85111,HOME DÉCOR
84949,HOME DÉCOR
23102,HOME DÉCOR
21692,HOME DÉCOR
20820,HOME DÉCOR
20830,HOME DÉCOR
82001S,HOME DÉCOR
84616,HOME DÉCOR
84766,HOME DÉCOR
23101,HOME DÉCOR
85103,HOME DÉCOR
21689,HOME DÉCOR
23147,HOME DÉCOR
84970L,HOME DÉCOR
23138,HOME DÉCOR
23139,HOME DÉCOR
23471,HOME DÉCOR
21207,HOME DÉCOR
22475,HOME DÉCOR
21581,HOME DÉCOR
21942,HOME DÉCOR
22100,HOME DÉCOR
21425,HOME DÉCOR
21427,HOME DÉCOR
22185,HOME DÉCOR
20796,HOME DÉCOR
23022,HOME DÉCOR
21377,HOME DÉCOR
21314,HOME DÉCOR
21693,HOME DÉCOR
84760S,HOME DÉCOR
84971S,HOME DÉCOR
22196,HOME DÉCOR
23132,HOME DÉCOR
23093,HOME DÉCOR
23455,HOME DÉCOR
21694,HOME DÉCOR
85125,HOME DÉCOR
21695,HOME DÉCOR
21696,HOME DÉCOR
71050,HOME DÉCOR
85127,HOME DÉCOR
23321,HOME DÉCOR
84800S,HOME DÉCOR
23135,HOME DÉCOR
72811,HOME DÉCOR
21744,HOME DÉCOR
22181,HOME DÉCOR
84913A,HOME DÉCOR
23528,HOME DÉCOR
21408,HOME DÉCOR
84799,HOME DÉCOR
21629,HOME DÉCOR
71510,HOME DÉCOR
23451,HOME DÉCOR
22785,HOME DÉCOR
21815,HOME DÉCOR
22338,HOME DÉCOR
22155,HOME DÉCOR
23274,HOME DÉCOR
23213,HOME DÉCOR
21476,HOME DÉCOR
23534,HOME DÉCOR
21945,HOME DÉCOR
21206,HOME DÉCOR
85230E,HOME DÉCOR
84507B,HOME DÉCOR
84508B,HOME DÉCOR
51020B,HOME DÉCOR
51020A,HOME DÉCOR
22097,HOME DÉCOR
84840,HOME DÉCOR
21231,HOME DÉCOR
21473,HOME DÉCOR
23460,HOME DÉCOR
22794,HOME DÉCOR
22829,HOME DÉCOR
21014,HOME DÉCOR
22791,HOME DÉCOR
22217,HOME DÉCOR
23490,HOME DÉCOR
23039,HOME DÉCOR
23036,HOME DÉCOR
23038,HOME DÉCOR
22789,HOME DÉCOR
22216,HOME DÉCOR
22894,HOME DÉCOR
84609,HOME DÉCOR
21452,HOME DÉCOR
82581,HOME DÉCOR
23523,HOME DÉCOR
23241,HOME DÉCOR
23272,HOME DÉCOR
22767,HOME DÉCOR
23140,HOME DÉCOR
23141,HOME DÉCOR
21735,HoME DÉCOR
21925,HOME DÉCOR
21922,HOME DÉCOR
17090D,HOME DÉCOR
17091J,HOME DÉCOR
72802C,HOME DÉCOR
22178,HOME DÉCOR
21258,HOME DÉCOR
21257,HOME DÉCOR
21259,HOME DÉCOR
23536,HOME DÉCOR
23061,HOME DÉCOR
23090,HOME DÉCOR
23491,HOME DÉCOR
21622,HOME DÉCOR
21626,HOME DÉCOR
84924A,HOME DÉCOR
23539,HOME DÉCOR
23540,HOME DÉCOR
23541,HOME DÉCOR
23531,HOME DÉCOR
23533,HOME DÉCOR
23544,HOME DÉCOR
23530,HOME DÉCOR
23538,HOME DÉCOR
23532,HOME DÉCOR
22166,HOME DÉCOR
22378,HOME DÉCOR
82552,HOME DÉCOR
21910,HOME DÉCOR
84629,HOME DÉCOR
84803B,HOME DÉCOR
84802A,HOME DÉCOR
85163A,HOME DÉCOR
84806B,HOME DÉCOR
84809A,HOME DÉCOR
71038,HOME DÉCOR
21198,HOME DÉCOR
23107,HOME DÉCOR
84801B,HOME DÉCOR
85061W,HOME DÉCOR
84661A,HOME DÉCOR
84658,HOME DÉCOR
84660A,HOME DÉCOR
18097C,HOME DÉCOR
84659A,HOME DÉCOR
90063A,HOME DÉCOR
35912B,HOME DÉCOR
84977,HOME DÉCOR
82494L,HOME DÉCOR
22779,HOME DÉCOR
82482,HOME DÉCOR
21578,HOME DÉCOR
23477,HOME DÉCOR
23478,HOME DÉCOR
23476,HOME DÉCOR
23474,HOME DÉCOR
23475,HOME DÉCOR
23473,HOME DÉCOR
84077,HOME DÉCOR
46776B,HOME DÉCOR
46776A,HOME DÉCOR
46776E,HOME DÉCOR
46776C,HOME DÉCOR
46776F,HOME DÉCOR
46776D,HOME DÉCOR
22985,HOME DÉCOR
22987,HOME DÉCOR
23232,HOME DÉCOR
35916A,HOME DÉCOR
84459B,HOME DÉCOR
20933,HOME DÉCOR
37491A,HOME DÉCOR
21169,HOME DÉCOR
23087,HOME DÉCOR
23086,HOME DÉCOR
23414,HOME DÉCOR
35970,HOME DÉCOR
23088,HOME DÉCOR
20845,HOME DÉCOR
20847,HOME DÉCOR
20848,HOME DÉCOR
20846,HOME DÉCOR
20851,HOME DÉCOR
84836,HOME DÉCOR
23151,HOME DÉCOR
23153,HOME DÉCOR
23145,HOME DÉCOR
23144,HOME DÉCOR
21275,HOME DÉCOR
84832,HOME DÉCOR
23137,HOME DÉCOR
90199D,JEWELRY
90199B,JEWELRY
90199A,JEWELRY
90199C,JEWELRY
90182A,JEWELRY
90184A,JEWELRY
90178A,JEWELRY
90011E,JEWELRY
90183A,JEWELRY
90179A,JEWELRY
90181A,JEWELRY
90010E,JEWELRY
90182B,JEWELRY
90184B,JEWELRY
90183B,JEWELRY
90181B,JEWELRY
90186A,JEWELRY
90161C,JEWELRY
90161D,JEWELRY
90161A,JEWELRY
90161B,JEWELRY
90162C,JEWELRY
90162B,JEWELRY
90162D,JEWELRY
90162A,JEWELRY
90001B,JEWELRY
90001D,JEWELRY
90001C,JEWELRY
90001A,JEWELRY
21650,JEWELRY
90025A,JEWELRY
90025F,JEWELRY
90025E,JEWELRY
90025D,JEWELRY
90025B,JEWELRY
90167,JEWELRY
90031,JEWELRY
90182C,JEWELRY
90184C,JEWELRY
90011B,JEWELRY
90185C,JEWELRY
90077,JEWELRY
90074,JEWELRY
90012B,JEWELRY
90183C,JEWELRY
90201B,JEWELRY
90179C,JEWELRY
90195B,JEWELRY
90196B,JEWELRY
90197B,JEWELRY
90181C,JEWELRY
90200B,JEWELRY
90065B,JEWELRY
90063B,JEWELRY
90064B,JEWELRY
90013B,JEWELRY
90010B,JEWELRY
90180A,JEWELRY
90187A,JEWELRY
90175C,JEWELRY
90120B,JEWELRY
90124B,JEWELRY
90200C,JEWELRY
90152B,JEWELRY
90152C,JEWELRY
90030C,JEWELRY
90067B,JEWELRY
90062,JEWELRY
90056,JEWELRY
90147,JEWELRY
90177A,JEWELRY
90176A,JEWELRY
90210B,JEWELRY
90000D,JEWELRY
90159,JEWELRY
90055,JEWELRY
90053,JEWELRY
90054,JEWELRY
90052,JEWELRY
90050,JEWELRY
90051,JEWELRY
90185D,JEWELRY
90206C,JEWELRY
90186B,JEWELRY
90058B,JEWELRY
90058A,JEWELRY
90082D,JEWELRY
90082A,JEWELRY
90082B,JEWELRY
90059B,JEWELRY
90059A,JEWELRY
90059F,JEWELRY
90059C,JEWELRY
90059D,JEWELRY
90059E,JEWELRY
90176C,JEWELRY
90176B,JEWELRY
90176E,JEWELRY
90176D,JEWELRY
90057,JEWELRY
90211A,JEWELRY
90177B,JEWELRY
90177C,JEWELRY
90177E,JEWELRY
90177D,JEWELRY
90188,JEWELRY
90022,JEWELRY
90020,JEWELRY
90023,JEWELRY
90146,JEWELRY
90039C,JEWELRY
90039D,JEWELRY
90039B,JEWELRY
90039A,JEWELRY
90060D,JEWELRY
90060B,JEWELRY
90060F,JEWELRY
90002D,JEWELRY
90036A,JEWELRY
90036D,JEWELRY
90036C,JEWELRY
90036B,JEWELRY
90036E,JEWELRY
90036F,JEWELRY
90042A,JEWELRY
90042C,JEWELRY
90038C,JEWELRY
90038B,JEWELRY
90038A,JEWELRY
90027D,JEWELRY
90027A,JEWELRY
90027C,JEWELRY
90027B,JEWELRY
90026D,JEWELRY
90026A,JEWELRY
90026C,JEWELRY
90026B,JEWELRY
90206A,JEWELRY
90014B,JEWELRY
90019B,JEWELRY
90018B,JEWELRY
90190B,JEWELRY
90016B,JEWELRY
90011C,JEWELRY
90187B,JEWELRY
90201D,JEWELRY
90123C,JEWELRY
90120C,JEWELRY
90124C,JEWELRY
90142A,JEWELRY
90141A,JEWELRY
90130C,JEWELRY
90200E,JEWELRY
90013C,JEWELRY
90210A,JEWELRY
90141B,JEWELRY
90033,JEWELRY
90032,JEWELRY
90122B,JEWELRY
90192,JEWELRY
90212B,JEWELRY
90211B,JEWELRY
20678,JEWELRY
90205C,JEWELRY
90205A,JEWELRY
90021,JEWELRY
90154,JEWELRY
90132,JEWELRY
90081A,JEWELRY
90081C,JEWELRY
90081B,JEWELRY
90148,JEWELRY
90011A,JEWELRY
90012A,JEWELRY
90010A,JEWELRY
90013A,JEWELRY
90076,JEWELRY
90075,JEWELRY
90142D,JEWELRY
90040B,JEWELRY
90040C,JEWELRY
90040A,JEWELRY
90098,JEWELRY
90096,JEWELRY
90099,JEWELRY
90094,JEWELRY
90100,JEWELRY
90024F,JEWELRY
90024C,JEWELRY
90024E,JEWELRY
90024D,JEWELRY
90024B,JEWELRY
90028,JEWELRY
90029,JEWELRY
90134,JEWELRY
90141E,JEWELRY
90135A,JEWELRY
90135,JEWELRY
90136,JEWELRY
90035A,JEWELRY
90035C,JEWELRY
90166,JEWELRY
90160D,JEWELRY
90137,JEWELRY
90122A,JEWELRY
90175B,JEWELRY
90123A,JEWELRY
90120A,JEWELRY
90124A,JEWELRY
90163A,JEWELRY
90164A,JEWELRY
90165A,JEWELRY
90200D,JEWELRY
90140,JEWELRY
90067A,JEWELRY
90131,JEWELRY
90210D,JEWELRY
90180B,JEWELRY
90160A,JEWELRY
90178B,JEWELRY
90011D,JEWELRY
90201A,JEWELRY
90179B,JEWELRY
90103,JEWELRY
90195A,JEWELRY
90196A,JEWELRY
90212C,JEWELRY
90200A,JEWELRY
90013D,JEWELRY
90000A,JEWELRY
90210C,JEWELRY
90160B,JEWELRY
90201C,JEWELRY
90030B,JEWELRY
90130D,JEWELRY
90156,JEWELRY
90155,JEWELRY
90157,JEWELRY
90141D,JEWELRY
90072,JEWELRY
90070,JEWELRY
90071,JEWELRY
90069,JEWELRY
90068,JEWELRY
90189A,JEWELRY
90014C,JEWELRY
90019C,JEWELRY
90018C,JEWELRY
90143,JEWELRY
90144,JEWELRY
90149,JEWELRY
90145,JEWELRY
90191,JEWELRY
90194,JEWELRY
90019A,JEWELRY
90018A,JEWELRY
90014A,JEWELRY
90190C,JEWELRY
90016C,JEWELRY
90190A,JEWELRY
90016A,JEWELRY
90152A,JEWELRY
90151,JEWELRY
90030A,JEWELRY
90158,JEWELRY
90133,JEWELRY
90175D,JEWELRY
90037C,JEWELRY
90037B,JEWELRY
90037A,JEWELRY
90141C,JEWELRY
90130B,JEWELRY
90160C,JEWELRY
90125C,JEWELRY
90122C,JEWELRY
90123B,JEWELRY
90073,JEWELRY
90079,JEWELRY
90198B,JEWELRY
90198A,JEWELRY
90164B,JEWELRY
90101,JEWELRY
90175A,JEWELRY
90123D,JEWELRY
90120D,JEWELRY
90165B,JEWELRY
90163B,JEWELRY
90034,JEWELRY
90130A,JEWELRY
90065A,JEWELRY
90064A,JEWELRY
90138,JEWELRY
79190A,KITCHEN
79192A,KITCHEN
79190D,KITCHEN
79191D,KITCHEN
79191B,KITCHEN
79190B,KITCHEN
23235,KITCHEN
23244,KITCHEN
22900,KITCHEN
21447,KITCHEN
21445,KITCHEN
21446,KITCHEN
84465,KITCHEN
23253,KITCHEN
23124,KITCHEN
22316,KITCHEN
22315,KITCHEN
22964,KITCHEN
22839,KITCHEN
22838,KITCHEN
22965,KITCHEN
22951,KITCHEN
84990,KITCHEN
84991,KITCHEN
23125,KITCHEN
84992,KITCHEN
84993B,KITCHEN
84989a,KITCHEN
84993A,KITCHEN
22939,KITCHEN
21270,KITCHEN
21269,KITCHEN
22798,KITCHEN
22801,KITCHEN
21145,KITCHEN
23149,KITCHEN
23017,KITCHEN
21043,KITCHEN
22915,KITCHEN
85216,KITCHEN
85215,KITCHEN
84929,KITCHEN
37327,KITCHEN
22937,KITCHEN
22935,KITCHEN
22936,KITCHEN
22932,KITCHEN
22138,KITCHEN
21700,KITCHEN
37330,KITCHEN
22110,KITCHEN
22843,KITCHEN
22842,KITCHEN
84596L,KITCHEN
22702,KITCHEN
22700,KITCHEN
85160B,KITCHEN
79163,KITCHEN
85114A,KITCHEN
84499,KITCHEN
22626,KITCHEN
84751B,KITCHEN
71406C,KITCHEN
72783,KITCHEN
72780,KITCHEN
84750B,KITCHEN
85159A,KITCHEN
79164,KITCHEN
84563B,KITCHEN
84997C,KITCHEN
37444B,KITCHEN
84576,KITCHEN
44091A,KITCHEN
21403,KITCHEN
84673B,KITCHEN
84531B,KITCHEN
21395,KITCHEN
20675,KITCHEN
21399,KITCHEN
21240,KITCHEN
21397,KITCHEN
21244,KITCHEN
21393,KITCHEN
20752,KITCHEN
21401,KITCHEN
23430,KITCHEN
84796B,KITCHEN
21670,KITCHEN
47341B,KITCHEN
20671,KITCHEN
20793,KITCHEN
84313B,KITCHEN
23286,KITCHEN
37489B,KITCHEN
22377,KITCHEN
84692,KITCHEN
84969,KITCHEN
22847,KITCHEN
22849,KITCHEN
22848,KITCHEN
22846,KITCHEN
23184,KITCHEN
23181,KITCHEN
21468,KITCHEN
22223,KITCHEN
22222,KITCHEN
22236,KITCHEN
22218,KITCHEN
22221,KITCHEN
22220,KITCHEN
22184,KITCHEN
22183,KITCHEN
22182,KITCHEN
22215,KITCHEN
21884,KITCHEN
22776,KITCHEN
22214,KITCHEN
85092,KITCHEN
84519B,KITCHEN
22853,KITCHEN
22062,KITCHEN
22063,KITCHEN
37450,KITCHEN
37448,KITCHEN
37447,KITCHEN
37449,KITCHEN
22057,KITCHEN
22059,KITCHEN
22769,KITCHEN
85132A,KITCHEN
84032B,KITCHEN
84031B,KITCHEN
84032A,KITCHEN
84031A,KITCHEN
84279P,KITCHEN
84279B,KITCHEN
21467,KITCHEN
21484,KITCHEN
22899,KITCHEN
22973,KITCHEN
22972,KITCHEN
84997A,KITCHEN
84997D,KITCHEN
84997B,KITCHEN
23256,KITCHEN
22974,KITCHEN
22112,KITCHEN
22976,KITCHEN
22631,KITCHEN
23168,KITCHEN
23169,KITCHEN
20798,KITCHEN
23179,KITCHEN
23123,KITCHEN
22303,KITCHEN
22304,KITCHEN
22301,KITCHEN
22300,KITCHEN
22302,KITCHEN
22305,KITCHEN
35265,KITCHEN
37476,KITCHEN
22618,KITCHEN
23015,KITCHEN
79067,KITCHEN
21591,KITCHEN
21587,KITCHEN
84406B,KITCHEN
21106,KITCHEN
21107,KITCHEN
22854,KITCHEN
37479B,KITCHEN
37479P,KITCHEN
37482P,KITCHEN
22762,KITCHEN
22938,KITCHEN
21538,KITCHEN
21534,KITCHEN
21845,KITCHEN
21530,KITCHEN
21528,KITCHEN
84817,KITCHEN
84821,KITCHEN
23413,KITCHEN
21561,KITCHEN
22349,KITCHEN
22852,KITCHEN
23236,KITCHEN
23289,KITCHEN
23291,KITCHEN
22977,KITCHEN
22351,KITCHEN
23568,KITCHEN
23567,KITCHEN
23566,KITCHEN
23565,KITCHEN
23564,KITCHEN
22269,KITCHEN
23339,KITCHEN
23335,KITCHEN
23337,KITCHEN
23336,KITCHEN
23338,KITCHEN
22476,KITCHEN
35241,KITCHEN
35810B,KITCHEN
35809B,KITCHEN
23250,KITCHEN
22424,KITCHEN
22425,KITCHEN
23249,KITCHEN
22428,KITCHEN
22427,KITCHEN
23252,KITCHEN
22429,KITCHEN
23251,KITCHEN
35810A,KITCHEN
35809A,KITCHEN
22426,KITCHEN
84030E,KITCHEN
79071B,KITCHEN
21294,KITCHEN
21108,KITCHEN
21481,KITCHEN
22260,KITCHEN
22262,KITCHEN
22263,KITCHEN
22261,KITCHEN
23664,KITCHEN
21470,KITCHEN
84926E,KITCHEN
16010,KITCHEN
22131,KITCHEN
23299,KITCHEN
85028L,KITCHEN
85027L,KITCHEN
85030,KITCHEN
85028S,KITCHEN
85054,KITCHEN
85055,KITCHEN
85059,KITCHEN
23187,KITCHEN
23186,KITCHEN
23185,KITCHEN
22924,KITCHEN
22923,KITCHEN
22922,KITCHEN
22201,KITCHEN
22200,KITCHEN
22199,KITCHEN
22207,KITCHEN
22109,KITCHEN
37461,KITCHEN
20751,KITCHEN
21681,KITCHEN
21874,KITCHEN
21872,KITCHEN
21658,KITCHEN
23020,KITCHEN
22777,KITCHEN
22778,KITCHEN
23089,KITCHEN
23021,KITCHEN
21667,KITCHEN
21318,KITCHEN
21320,KITCHEN
21319,KITCHEN
22361,KITCHEN
22364,KITCHEN
22360,KITCHEN
22359,KITCHEN
22363,KITCHEN
23016,KITCHEN
20827,KITCHEN
22307,KITCHEN
20823,KITCHEN
20674,KITCHEN
21245,KITCHEN
22697,KITCHEN
23288,KITCHEN
37489C,KITCHEN
22113,KITCHEN
22441,KITCHEN
23327,KITCHEN
23326,KITCHEN
37468,KITCHEN
23660,KITCHEN
23419,KITCHEN
21877,KITCHEN
23358,KITCHEN
22837,KITCHEN
22835,KITCHEN
23355,KITCHEN
23357,KITCHEN
22114,KITCHEN
21870,KITCHEN
23347,KITCHEN
37413,KITCHEN
21873,KITCHEN
22350,KITCHEN
22624,KITCHEN
22310,KITCHEN
21215,KITCHEN
23428,KITCHEN
23142,KITCHEN
23178,KITCHEN
22963,KITCHEN
22962,KITCHEN
22961,KITCHEN
22960,KITCHEN
85144,KITCHEN
85141,KITCHEN
85145,KITCHEN
85146,KITCHEN
22411,KITCHEN
21930,KITCHEN
21931,KITCHEN
20748,KITCHEN
22763,KITCHEN
22357,KITCHEN
21875,KITCHEN
22358,KITCHEN
84637,KITCHEN
23155,KITCHEN
84029G,KITCHEN
84926D,KITCHEN
84927D,KITCHEN
23018,KITCHEN
22061,KITCHEN
21109,KITCHEN
21110,KITCHEN
23165,KITCHEN
16016,KITCHEN
21682,KITCHEN
20801,KITCHEN
22198,KITCHEN
21742,KITCHEN
84595E,KITCHEN
23418,KITCHEN
23094,KITCHEN
23196,KITCHEN
22190,KITCHEN
22970,KITCHEN
23356,KITCHEN
20727,KITCHEN
20728,KITCHEN
23209,KITCHEN
23583,KITCHEN
22384,KITCHEN
20725,KITCHEN
23681,KITCHEN
20726,KITCHEN
22659,KITCHEN
22353,KITCHEN
22352,KITCHEN
21781,KITCHEN
22533,KITCHEN
22399,KITCHEN
22400,KITCHEN
22396,KITCHEN
22398,KITCHEN
22402,KITCHEN
22403,KITCHEN
21686,KITCHEN
23166,KITCHEN
21683,KITCHEN
21657,KITCHEN
23661,KITCHEN
22204,KITCHEN
22202,KITCHEN
22055,KITCHEN
37446,KITCHEN
22543,KITCHEN
22627,KITCHEN
22104,KITCHEN
84596J,KITCHEN
21698,KITCHEN
79000,KITCHEN
23183,KITCHEN
22206,KITCHEN
37471,KITCHEN
37340,KITCHEN
23180,KITCHEN
37509,KITCHEN
22890,KITCHEN
22311,KITCHEN
22314,KITCHEN
22313,KITCHEN
22312,KITCHEN
37351,KITCHEN
22907,KITCHEN
22908,KITCHEN
21989,KITCHEN
22613,KITCHEN
23119,KITCHEN
21987,KITCHEN
21988,KITCHEN
23120,KITCHEN
22582,KITCHEN
21975,KITCHEN
21976,KITCHEN
21977,KITCHEN
22417,KITCHEN
21212,KITCHEN
21213,KITCHEN
23423,KITCHEN
22981,KITCHEN
23113,KITCHEN
23422,KITCHEN
23421,KITCHEN
23420,KITCHEN
23496,KITCHEN
23198,KITCHEN
22982,KITCHEN
22978,KITCHEN
22980,KITCHEN
22979,KITCHEN
22343,KITCHEN
37462E,KITCHEN
22502,KITCHEN
22501,KITCHEN
22628,KITCHEN
37467,KITCHEN
22123,KITCHEN
22108,KITCHEN
21239,KITCHEN
21243,KITCHEN
84563A,KITCHEN
37444C,KITCHEN
22703,KITCHEN
37379A,KITCHEN
35914,KITCHEN
72369A,KITCHEN
22701,KITCHEN
84575A,KITCHEN
47591D,KITCHEN
21465,KITCHEN
84673A,KITCHEN
22133,KITCHEN
20677,KITCHEN
22698,KITCHEN
84750A,KITCHEN
23285,KITCHEN
37489D,KITCHEN
84562A,KITCHEN
22107,KITCHEN
22151,KITCHEN
22152,KITCHEN
21469,KITCHEN
37342,KITCHEN
37343,KITCHEN
22197,KITCHEN
23117,KITCHEN
21876,KITCHEN
21868,KITCHEN
84926F,KITCHEN
22971,KITCHEN
22666,KITCHEN
22667,KITCHEN
21777,KITCHEN
22041,KITCHEN
21402,KITCHEN
23115,KITCHEN
21466,KITCHEN
22625,KITCHEN
22132,KITCHEN
21394,KITCHEN
21398,KITCHEN
21392,KITCHEN
21400,KITCHEN
23429,KITCHEN
21042,KITCHEN
21246,KITCHEN
20676,KITCHEN
21539,KITCHEN
21843,KITCHEN
21238,KITCHEN
21844,KITCHEN
21154,KITCHEN
21041,KITCHEN
21936,KITCHEN
21242,KITCHEN
21537,KITCHEN
21217,KITCHEN
20718,KITCHEN
21039,KITCHEN
21535,KITCHEN
22073,KITCHEN
21531,KITCHEN
22072,KITCHEN
21527,KITCHEN
21498,KITCHEN
21218,KITCHEN
23287,KITCHEN
21488,KITCHEN
23161,KITCHEN
23164,KITCHEN
22423,KITCHEN
23175,KITCHEN
22828,KITCHEN
23174,KITCHEN
23163,KITCHEN
23171,KITCHEN
23172,KITCHEN
23170,KITCHEN
23160,KITCHEN
23162,KITCHEN
23173,KITCHEN
37370,KITCHEN
21156,KITCHEN
21485,KITCHEN
21533,KITCHEN
20754,KITCHEN
22139,KITCHEN
21034,KITCHEN
21654,KITCHEN
21664,KITCHEN
37464,KITCHEN
22699,KITCHEN
22841,KITCHEN
22840,KITCHEN
22329,KITCHEN
22328,KITCHEN
22327,KITCHEN
22326,KITCHEN
23324,KITCHEN
23325,KITCHEN
85039C,KITCHEN
85211,KITCHEN
79026B,KITCHEN
85039B,KITCHEN
85040A,KITCHEN
21871,KITCHEN
22111,KITCHEN
47591B,KITCHEN
21216,KITCHEN
22783,KITCHEN
22782,KITCHEN
23305,KITCHEN
23304,KITCHEN
23303,KITCHEN
23328,KITCHEN
23293,KITCHEN
23295,KITCHEN
84968e,KITCHEN
84968B,KITCHEN
84968C,KITCHEN
84968D,KITCHEN
84968A,KITCHEN
84968F,KITCHEN
22495,KITCHEN
22496,KITCHEN
22895,KITCHEN
22124,KITCHEN
22500,KITCHEN
23407,KITCHEN
22485,KITCHEN
84375,KITCHEN
84380,KITCHEN
23495,KITCHEN
23245,KITCHEN
84951B,KITCHEN
84509E,KITCHEN
84813,KITCHEN
84510A,KITCHEN
84509A,KITCHEN
84509B,KITCHEN
84509G,KITCHEN
84510E,KITCHEN
23154,KITCHEN
22640,KITCHEN
22638,KITCHEN
22604,KITCHEN
22639,KITCHEN
22641,KITCHEN
22643,KITCHEN
22642,KITCHEN
22993,KITCHEN
84951A,KITCHEN
84510C,KITCHEN
84509c,KITCHEN
23267,KITCHEN
23158,KITCHEN
23156,KITCHEN
23159,KITCHEN
21948,KITCHEN
21557,KITCHEN
84715,KITCHEN
23157,KITCHEN
23294,KITCHEN
22619,KITCHEN
21949,KITCHEN
23296,KITCHEN
23309,KITCHEN
23308,KITCHEN
22892,KITCHEN
23243,KITCHEN
21035,KITCHEN
21082,KITCHEN
21080,KITCHEN
21078,KITCHEN
85232D,KITCHEN
85232A,KITCHEN
37474,KITCHEN
21311,KITCHEN
85040B,KITCHEN
21307,KITCHEN
37475,KITCHEN
21306,KITCHEN
21038,KITCHEN
85039A,KITCHEN
84078A,KITCHEN
20914,KITCHEN
21084,KITCHEN
21090,KITCHEN
21096,KITCHEN
21088,KITCHEN
21089,KITCHEN
21087,KITCHEN
21095,KITCHEN
21086,KITCHEN
21094,KITCHEN
85176,KITCHEN
20826,KITCHEN
22306,KITCHEN
21688,KITCHEN
21558,KITCHEN
23019,KITCHEN
23167,KITCHEN
84596G,KITCHEN
21316,KITCHEN
84596B,KITCHEN
20802,KITCHEN
84638,KITCHEN
84596E,KITCHEN
84596F,KITCHEN
21684,KITCHEN
20803,KITCHEN
22070,KITCHEN
22071,KITCHEN
23580,KITCHEN
23579,KITCHEN
23575,KITCHEN
23578,KITCHEN
23576,KITCHEN
22988,KITCHEN
23292,KITCHEN
23346,KITCHEN
23290,KITCHEN
22975,KITCHEN
22629,KITCHEN
22474,KITCHEN
23425,KITCHEN
22649,KITCHEN
21559,KITCHEN
21471,KITCHEN
DCGS0076,KITCHEN
23487,KITCHEN
23461,KITCHEN
22799,KITCHEN
21111,KITCHEN
21112,KITCHEN
22348,KITCHEN
47579,KITCHEN
47567B,KITCHEN
37500,KITCHEN
23182,KITCHEN
84519A,KITCHEN
79030D,KITCHEN
79030G,KITCHEN
22471,KITCHEN
22472,KITCHEN
22473,KITCHEN
22125,KITCHEN
23197,KITCHEN
21071,KITCHEN
21068,KITCHEN
21070,KITCHEN
21069,KITCHEN
22656,KITCHEN
72760B,KITCHEN
21279,KITCHEN
21278,KITCHEN
21281,KITCHEN
21280,KITCHEN
22655,KITCHEN
21066,KITCHEN
21067,KITCHEN
21625,KITCHEN
85160a,KITCHEN
21479,KITCHEN
85159B,KITCHEN
84880,KITCHEN
23107,KITCHEN
37423,KITCHEN
47013C,KITCHEN
47013A,KITCHEN
23479,KITCHEN
84388,KITCHEN
37444A,KITCHEN
37488A,KITCHEN
37487B,KITCHEN
37489A,KITCHEN
84763,KITCHEN
23106,KITCHEN
23143,KITCHEN
22436,PARTY
22438,PARTY
22434,PARTY
22440,PARTY
21328,PARTY
22953,PARTY
22048,PARTY
85032B,PARTY
47590A,PARTY
47599B,PARTY
21499,PARTY
22038,PARTY
22039,PARTY
22040,PARTY
DCGSSBOY,PARTY
23298,PARTY
47589,PARTY
85032C,PARTY
22047,PARTY
21497,PARTY
22820,PARTY
22986,PARTY
DCGSSGIRL,PARTY
22954,PARTY
23691,PARTY
21289,PARTY
21381,PARTY
21197,PARTY
21205,PARTY
21209,PARTY
22585,PARTY
47566,PARTY
23122,PARTY
22128,PARTY
22129,PARTY
22127,PARTY
20716,PARTY
21060,PARTY
21059,PARTY
21061,PARTY
21063,PARTY
21062,PARTY
21058,PARTY
22345,PARTY
22346,PARTY
22344,PARTY
22668,PARTY
47590B,PARTY
22050,PARTY
47599A,PARTY
84522,PARTY
21500,PARTY
22669,PARTY
23350,PARTY
85032A,PARTY
21196,PARTY
23561,PARTY
22437,PARTY
22435,PARTY
21491,PARTY
21495,PARTY
22045,PARTY
79161A,PARTY
47566B,PARTY
21358,PARTY
21621,PARTY
22209,PARTY
21380,PARTY
22498,PARTY
22499,PARTY
16156L,PARTY
16161M,PARTY
23231,PARTY
16169E,PARTY
23692,PARTY
23230,PARTY
23550,PARTY
16161G,PARTY
22985,PARTY
23549,PARTY
16169N,PARTY
22049,PARTY
22959,PARTY
22711,PARTY
22706,PARTY
16169M,PARTY
22708,PARTY
16161P,PARTY
23547,PARTY
16169K,PARTY
22705,PARTY
16169P,PARTY
22710,PARTY
23548,PARTY
22707,PARTY
23546,PARTY
16156S,PARTY
23233,PARTY
22704,PARTY
23545,PARTY
16161U,PARTY
35909B,SEASONAL
35910B,SEASONAL
23437,SEASONAL
22282,SEASONAL
23442,SEASONAL
84461,SEASONAL
85048,SEASONAL
21458,SEASONAL
21456,SEASONAL
21457,SEASONAL
84462,SEASONAL
23434,SEASONAL
23435,SEASONAL
72815,SEASONAL
22949,SEASONAL
22950,SEASONAL
22956,SEASONAL
22955,SEASONAL
22731,SEASONAL
21188,SEASONAL
22733,SEASONAL
22732,SEASONAL
35833G,SEASONAL
35833P,SEASONAL
23375,SEASONAL
22283,SEASONAL
23354,SEASONAL
23353,SEASONAL
22075,SEASONAL
22952,SEASONAL
22580,SEASONAL
22856,SEASONAL
22857,SEASONAL
22933,SEASONAL
22934,SEASONAL
21018,SEASONAL
23247,SEASONAL
23234,SEASONAL
35610B,SEASONAL
35599B,SEASONAL
35598B,SEASONAL
35607B,SEASONAL
35597B,SEASONAL
23446,SEASONAL
21461,SEASONAL
22021,SEASONAL
84745B,SEASONAL
23382,SEASONAL
84218,SEASONAL
85200,SEASONAL
85186C,SEASONAL
85089,SEASONAL
85093,SEASONAL
85094,SEASONAL
22818,SEASONAL
22591,SEASONAL
22043,SEASONAL
22042,SEASONAL
22044,SEASONAL
22145,SEASONAL
22144,SEASONAL
22141,SEASONAL
22142,SEASONAL
72818,SEASONAL
21808,SEASONAL
22595,SEASONAL
22593,SEASONAL
22594,SEASONAL
21811,SEASONAL
23058,SEASONAL
21810,SEASONAL
21809,SEASONAL
22941,SEASONAL
22942,SEASONAL
22943,SEASONAL
22944,SEASONAL
22945,SEASONAL
22597,SEASONAL
22599,SEASONAL
22598,SEASONAL
22065,SEASONAL
22601,SEASONAL
22602,SEASONAL
22600,SEASONAL
22603,SEASONAL
22596,SEASONAL
23271,SEASONAL
21098,SEASONAL
21801,SEASONAL
23222,SEASONAL
23223,SEASONAL
21802,SEASONAL
22339,SEASONAL
21803,SEASONAL
21816,SEASONAL
23448,SEASONAL
85206A,SEASONAL
20668,SEASONAL
22687,SEASONAL
22689,SEASONAL
35597A,SEASONAL
35598A,SEASONAL
85186A,SEASONAL
35921,SEASONAL
84231,SEASONAL
35922,SEASONAL
22148,SEASONAL
22146,SEASONAL
22267,SEASONAL
22266,SEASONAL
22265,SEASONAL
22268,SEASONAL
21717,SEASONAL
22859,SEASONAL
22861,SEASONAL
22860,SEASONAL
22858,SEASONAL
22281,SEASONAL
22940,SEASONAL
35966,SEASONAL
35953,SEASONAL
35961,SEASONAL
35958,SEASONAL
35920,SEASONAL
23489,SEASONAL
21812,SEASONAL
21813,SEASONAL
22241,SEASONAL
23320,SEASONAL
23436,SEASONAL
22966,SEASONAL
21818,SEASONAL
21819,SEASONAL
21817,SEASONAL
21822,SEASONAL
21821,SEASONAL
22187,SEASONAL
85045,SEASONAL
21460,SEASONAL
21261,SEASONAL
21263,SEASONAL
23441,SEASONAL
85189,SEASONAL
85194L,SEASONAL
85194S,SEASONAL
22270,SEASONAL
22574,SEASONAL
85096,SEASONAL
85084,SEASONAL
21386,SEASONAL
23344,SEASONAL
22575,SEASONAL
84452,SEASONAL
23130,SEASONAL
23131,SEASONAL
35910A,SEASONAL
35911A,SEASONAL
22121,SEASONAL
22812,SEASONAL
23378,SEASONAL
23376,SEASONAL
22584,SEASONAL
23440,SEASONAL
22086,SEASONAL
22910,SEASONAL
22130,SEASONAL
35817P,SEASONAL
35599D,SEASONAL
23447,SEASONAL
35610A,SEASONAL
84746,SEASONAL
35609A,SEASONAL
85206B,SEASONAL
85205B,SEASONAL
35607A,SEASONAL
21265,SEASONAL
84745A,SEASONAL
84050,SEASONAL
84531A,SEASONAL
35933,SEASONAL
35911B,SEASONAL
35597D,SEASONAL
35598D,SEASONAL
90078,SEASONAL
35909A,SEASONAL
22737,SEASONAL
22739,SEASONAL
22034,SEASONAL
22572,SEASONAL
22571,SEASONAL
23351,SEASONAL
23352,SEASONAL
23349,SEASONAL
85187,SEASONAL
85184C,SEASONAL
23652,SEASONAL
23623,SEASONAL
23643,SEASONAL
23635,SEASONAL
23610,SEASONAL
23644,SEASONAL
23645,SEASONAL
23604,SEASONAL
23268,SEASONAL
23269,SEASONAL
72817,SEASONAL
22909,SEASONAL
23449,SEASONAL
22734,SEASONAL
22808,SEASONAL
72816,SEASONAL
20878,SEASONAL
84352,SEASONAL
35954,SEASONAL
84341B,SEASONAL
35957,SEASONAL
22573,SEASONAL
22576,SEASONAL
85049A,SEASONAL
35591T,SEASONAL
23313,SEASONAL
23340,SEASONAL
23312,SEASONAL
23373,SEASONAL
23311,SEASONAL
23314,SEASONAL
35610C,SEASONAL
21804,SEASONAL
21807,SEASONAL
35598C,SEASONAL
21262,SEASONAL
35913B,SEASONAL
22581,SEASONAL
22946,SEASONAL
22947,SEASONAL
35400,SEASONAL
21889,SEASONAL
22577,SEASONAL
22578,SEASONAL
22579,SEASONAL
21459,SEASONAL
85032D,SEASONAL
85018D,SEASONAL
10135,STATIONERY
23472,STATIONERY
22418,STATIONERY
22906,STATIONERY
20973,STATIONERY
20975,STATIONERY
20974,STATIONERY
20984,STATIONERY
20983,STATIONERY
20982,STATIONERY
20981,STATIONERY
84206A,STATIONERY
20980,STATIONERY
20979,STATIONERY
20978,STATIONERY
20977,STATIONERY
84559B,STATIONERY
84559A,STATIONERY
23697,STATIONERY
23176,STATIONERY
20770,STATIONERY
20758,STATIONERY
20764,STATIONERY
21723,STATIONERY
16011,STATIONERY
71143,STATIONERY
10124G,STATIONERY
17165D,STATIONERY
17164B,STATIONERY
84827,STATIONERY
21634,STATIONERY
21637,STATIONERY
47469,STATIONERY
21640,STATIONERY
21638,STATIONERY
21642,STATIONERY
84826,STATIONERY
21518,STATIONERY
22026,STATIONERY
22819,STATIONERY
22188,STATIONERY
20735,STATIONERY
16202E,STATIONERY
85019B,STATIONERY
85031B,STATIONERY
21850,STATIONERY
20986,STATIONERY
16248B,STATIONERY
20767,STATIONERY
20773,STATIONERY
20755,STATIONERY
20761,STATIONERY
21991,STATIONERY
21520,STATIONERY
22031,STATIONERY
22032,STATIONERY
22033,STATIONERY
23193,STATIONERY
23192,STATIONERY
23191,STATIONERY
23190,STATIONERY
21675,STATIONERY
84497,STATIONERY
21720,STATIONERY
21721,STATIONERY
22983,STATIONERY
22714,STATIONERY
22718,STATIONERY
22716,STATIONERY
22717,STATIONERY
22712,STATIONERY
22984,STATIONERY
22588,STATIONERY
23470,STATIONERY
23469,STATIONERY
22713,STATIONERY
22816,STATIONERY
22815,STATIONERY
22817,STATIONERY
22715,STATIONERY
22589,STATIONERY
22592,STATIONERY
16218,STATIONERY
84206B,STATIONERY
84206C,STATIONERY
85183A,STATIONERY
85183B,STATIONERY
40016,STATIONERY
20771,STATIONERY
20777,STATIONERY
20759,STATIONERY
20765,STATIONERY
16020C,STATIONERY
21509,STATIONERY
22189,STATIONERY
85019C,STATIONERY
85031C,STATIONERY
21881,STATIONERY
20769,STATIONERY
20775,STATIONERY
20763,STATIONERY
84247G,STATIONERY
21251,STATIONERY
22334,STATIONERY
21329,STATIONERY
23695,STATIONERY
21507,STATIONERY
22023,STATIONERY
84535A,STATIONERY
84536A,STATIONERY
85017B,STATIONERY
85017C,STATIONERY
85017A,STATIONERY
84534B,STATIONERY
84535B,STATIONERY
84536B,STATIONERY
21506,STATIONERY
84247L,STATIONERY
51014C,STATIONERY
51014A,STATIONERY
51014L,STATIONERY
21993,STATIONERY
21676,STATIONERY
84247K,STATIONERY
16012,STATIONERY
22741,STATIONERY
20772,STATIONERY
20778,STATIONERY
20760,STATIONERY
20766,STATIONERY
23438,STATIONERY
21519,STATIONERY
23424,STATIONERY
22991,STATIONERY
20733,STATIONERY
35271S,STATIONERY
21847,STATIONERY
20768,STATIONERY
20774,STATIONERY
20756,STATIONERY
20762,STATIONERY
84251G,STATIONERY
84251B,STATIONERY
84251C,STATIONERY
84249A,STATIONERY
23194,STATIONERY
47480,STATIONERY
84201B,STATIONERY
84201C,STATIONERY
20985,STATIONERY
21677,STATIONERY
21879,STATIONERY
16219,STATIONERY
20996,STATIONERY
16236,STATIONERY
22758,STATIONERY
22757,STATIONERY
21191,STATIONERY
22756,STATIONERY
16216,STATIONERY
21851,STATIONERY
21719,STATIONERY
21635,STATIONERY
21636,STATIONERY
84012,STATIONERY
84006,STATIONERY
22743,STATIONERY
22744,STATIONERY
16244B,STATIONERY
22453,STATIONERY
22452,STATIONERY
22454,STATIONERY
16033,STATIONERY
21990,STATIONERY
21726,STATIONERY
21200,STATIONERY
84865,STATIONERY
22765,STATIONERY
84520B,STATIONERY
84247N,STATIONERY
84247E,STATIONERY
23694,STATIONERY
21678,STATIONERY
21724,STATIONERY
22088,STATIONERY
23597,STATIONERY
22090,STATIONERY
22089,STATIONERY
23598,STATIONERY
22087,STATIONERY
22084,STATIONERY
22911,STATIONERY
22083,STATIONERY
22085,STATIONERY
23843,STATIONERY
23047,STATIONERY
23045,STATIONERY
23041,STATIONERY
23042,STATIONERY
23046,STATIONERY
23044,STATIONERY
23043,STATIONERY
23040,STATIONERY
15034,STATIONERY
22390,STATIONERY
22391,STATIONERY
22394,STATIONERY
22389,STATIONERY
22393,STATIONERY
22395,STATIONERY
16238,STATIONERY
16202B,STATIONERY
16202A,STATIONERY
22445,STATIONERY
22028,STATIONERY
22608,STATIONERY
22610,STATIONERY
22609,STATIONERY
71270,STATIONERY
22174,STATIONERY
16259,STATIONERY
21195,STATIONERY
21194,STATIONERY
21846,STATIONERY
21190,STATIONERY
22740,STATIONERY
16054,STATIONERY
16045,STATIONERY
47471,STATIONERY
22024,STATIONERY
22665,STATIONERY
16235,STATIONERY
40046A,STATIONERY
20757,STATIONERY
21880,STATIONERY
22094,STATIONERY
23374,STATIONERY
22186,STATIONERY
22333,STATIONERY
22992,STATIONERY
22025,STATIONERY
22037,STATIONERY
85019A,STATIONERY
85031A,STATIONERY
23603,STATIONERY
23624,STATIONERY
23654,STATIONERY
23605,STATIONERY
23614,STATIONERY
23602,STATIONERY
23632,STATIONERY
23621,STATIONERY
23649,STATIONERY
23626,STATIONERY
23629,STATIONERY
23650,STATIONERY
23630,STATIONERY
23607,STATIONERY
23646,STATIONERY
23616,STATIONERY
23639,STATIONERY
23637,STATIONERY
23620,STATIONERY
23619,STATIONERY
23615,STATIONERY
23611,STATIONERY
23638,STATIONERY
23608,STATIONERY
23640,STATIONERY
23609,STATIONERY
23601,STATIONERY
23617,STATIONERY
23628,STATIONERY
23636,STATIONERY
23633,STATIONERY
23634,STATIONERY
23627,STATIONERY
23612,STATIONERY
23613,STATIONERY
23366,STATIONERY
23368,STATIONERY
23365,STATIONERY
23367,STATIONERY
22957,STATIONERY
22967,STATIONERY
23370,STATIONERY
23372,STATIONERY
23369,STATIONERY
23371,STATIONERY
23625,STATIONERY
23082,STATIONERY
23083,STATIONERY
85015,STATIONERY
22721,STATIONERY
22759,STATIONERY
85227,STATIONERY
22723,STATIONERY
84985A,STATIONERY
84988,STATIONERY
21210,STATIONERY
21211,STATIONERY
21253,STATIONERY
21250,STATIONERY
21428,STATIONERY
21849,STATIONERY
23197,STATIONERY
21679,STATIONERY
21504,STATIONERY
22332,STATIONERY
21327,STATIONERY
16237,STATIONERY
22755,STATIONERY
22754,STATIONERY
22753,STATIONERY
22029,STATIONERY
10124A,STATIONERY
22164,STATIONERY
22030,STATIONERY
21722,STATIONERY
22795,STATIONERY
21725,STATIONERY
22046,STATIONERY
22027,STATIONERY
16049,STATIONERY
16046,STATIONERY
16048,STATIONERY
22422,STATIONERY
84466,STATIONERY
16254,STATIONERY
23006,STATIONERY
23005,STATIONERY
22998,STATIONERY
23004,STATIONERY
22999,STATIONERY
22994,STATIONERY
23002,STATIONERY
22995,STATIONERY
23000,STATIONERY
22997,STATIONERY
23003,STATIONERY
22996,STATIONERY
23177,STATIONERY
21201,STATIONERY
21135,STATIONERY
23188,STATIONERY
35653,STATIONERY
22035,STATIONERY
21508,STATIONERY
20906,STATIONERY
20897,STATIONERY
20898,STATIONERY
21992,STATIONERY
20910,STATIONERY
21790,STATIONERY
21192,STATIONERY
21187,STATIONERY
21186,STATIONERY
21189,STATIONERY
21249,STATIONERY
21680,STATIONERY
22331,STATIONERY
23345,TOY
23007,TOY
21448,TOY
90168,TOY
22567,TOY
22150,TOY
84558A,TOY
22620,TOY
84051,TOY
44234,TOY
84879,TOY
47421,TOY
84192,TOY
20749,TOY
47420,TOY
44235,TOY
21830,TOY
84212,TOY
47422,TOY
21841,TOY
21703,TOY
21704,TOY
21705,TOY
21756,TOY
21888,TOY
22068,TOY
75011,TOY
85135B,TOY
84870B,TOY
21914,TOY
35915B,TOY
22176,TOY
20703,TOY
84931B,TOY
85136B,TOY
23319,TOY
23318,TOY
22622,TOY
22623,TOY
84598,TOY
21716,TOY
22069,TOY
23310,TOY
22814,TOY
47593A,TOY
C2,TOY
22644,TOY
22645,TOY
22647,TOY
22650,TOY
22646,TOY
21556,TOY
85132C,TOY
85132B,TOY
23255,TOY
23254,TOY
23348,TOY
22636,TOY
22635,TOY
22634,TOY
21832,TOY
23064,TOY
23010,TOY
21416,TOY
21415,TOY
23498,TOY
23497,TOY
84921,TOY
21464,TOY
21056,TOY
84581,TOY
10120,TOY
23128,TOY
23126,TOY
23127,TOY
23459,TOY
23458,TOY
23008,TOY
22630,TOY
23390,TOY
23529,TOY
21202,TOY
20686,TOY
77079,TOY
23229,TOY
21594,TOY
21827,TOY
21826,TOY
21828,TOY
21627,TOY
62074B,TOY
22256,TOY
22259,TOY
22258,TOY
22257,TOY
22264,TOY
22255,TOY
22254,TOY
22149,TOY
22274,TOY
22272,TOY
22273,TOY
22271,TOY
22749,TOY
22750,TOY
22751,TOY
20695,TOY
20694,TOY
20696,TOY
85185D,TOY
84568,TOY
21715,TOY
84854,TOY
84199,TOY
21128,TOY
21131,TOY
20818,TOY
84870C,TOY
23081,TOY
85188A,TOY
10080,TOY
21562,TOY
22548,TOY
22550,TOY
21754,TOY
23009,TOY
23445,TOY
10002,TOY
22233,TOY
22232,TOY
22231,TOY
22230,TOY
23201,TOY
23199,TOY
21033,TOY
23203,TOY
22663,TOY
20713,TOY
23581,TOY
23200,TOY
22386,TOY
21929,TOY
85099B,TOY
21928,TOY
22385,TOY
85099F,TOY
20711,TOY
23343,TOY
23202,TOY
20712,TOY
84828,TOY
21161,TOY
21160,TOY
23256,TOY
84539,TOY
75049L,TOY
85199L,TOY
21749,TOY
21750,TOY
20697,TOY
20698,TOY
21755,TOY
21361,TOY
22535,TOY
22531,TOY
22537,TOY
22530,TOY
22529,TOY
22532,TOY
22536,TOY
22534,TOY
22246,TOY
22742,TOY
22545,TOY
22540,TOY
22547,TOY
22539,TOY
22538,TOY
22541,TOY
22546,TOY
22544,TOY
23507,TOY
23508,TOY
23509,TOY
23510,TOY
23506,TOY
21463,TOY
22562,TOY
21159,TOY
21158,TOY
84580,TOY
20699,TOY
20704,TOY
20705,TOY
21028,TOY
21027,TOY
21054,TOY
84743C,TOY
84691,TOY
21878,TOY
35915C,TOY
22549,TOY
22637,TOY
84906,TOY
90112,TOY
84920,TOY
84584,TOY
85185B,TOY
85188B,TOY
22175,TOY
20702,TOY
84931A,TOY
23505,TOY
23504,TOY
23503,TOY
23502,TOY
22747,TOY
22745,TOY
22748,TOY
22746,TOY
16225,TOY
21915,TOY
85135C,TOY
22483,TOY
23080,TOY
85136C,TOY
47593B,TOY
22559,TOY
23108,TOY
85197,TOY
35471D,TOY
35004B,TOY
35004C,TOY
35004G,TOY
84457,TOY
21219,TOY
21222,TOY
21221,TOY
21220,TOY
21224,TOY
79151B,TOY
79149B,TOY
21129,TOY
21132,TOY
20819,TOY
21544,TOY
85199S,TOY
47310M,TOY
21031,TOY
21030,TOY
21032,TOY
21025,TOY
21026,TOY
23389,TOY
23392,TOY
21055,TOY
22664,TOY
22381,TOY
22380,TOY
21503,TOY
22621,TOY
22560,TOY
23571,TOY
23570,TOY
21892,TOY
21891,TOY
23569,TOY
77101A,TOY
21791,TOY
21913,TOY
22605,TOY
22607,TOY
22561,TOY
22606,TOY
23559,TOY
20719,TOY
23388,TOY
21424,TOY
21426,TOY
85135A,TOY
85136A,TOY
79403,
79406,
35819B,
35819P,
35816P,
35818B,
35818P,
35815P,
35817P,
44235,
47503A,
47503H,
23552,
84874B,
22903,
DCGS0070,
21379,
22558,
gift_0001_10,
22016,
gift_0001_20,
gift_0001_30,
gift_0001_40,
gift_0001_50,
22494,
18007,
21352,
22802,
21260,
21899,
23081,
22803,
21376,
20795,
21375,
84429A,
22173,
23091,
75131,
90000B,
22203,
23480,
23148,
84913B,
22770,
DCGS0069,
22813,
84569B,
84569A,
84569C,
23574,
21906,
79323P,
84796a,
POST,
90128D,
44092C,
21115,
22968,
20998,
21746,
21747,
21378,
79051A,
71101E,
21743,
21883,
23427,
75013B,
21288,
84795B,
46775D,
84360,
22308,
22309,
22891,
47580,
47559B,
47570B,
37501,
47556B,
84872a,
16052,
21354,
21357,
21356,
21355,
21162,
17084A,
22760,
23242,
21628,
23146,
85214,
23468,
23466,
23465,
79157B,
79157V,
22830,
35645,
35650,
35647,
23489,
21268,
22052,
23413,
22845,
22844,
21662,
21661,
23492,
20902,
20901,
20903,
23114,
21769,
23252,
21758,
21912,
21624,
21623,
21763,
23463,
23464,
84926A,
84927A,
22431,
22433,
22432,
85119,
22120,
22526,
18094C,
85047,
21264,
84917,
22224,
71053,
21167,
21673,
21672,
22415,
23323,
22694,
22696,
22695,
82483,
21761,
82484,
82486,
22709,
22912,